File,Label,Original Duration (s),Trimmed Duration (s),Removed (s)
khong_01.wav,không,3.7546875,3.3446875,0.41
khong_02.wav,không,2.9866875,2.3266875,0.66
khong_03.wav,không,3.84,3.53,0.31
khong_04.wav,không,2.901375,2.421375,0.48
khong_05.wav,không,3.072,2.512,0.56
mot_01.wav,một,2.816,2.306,0.51
mot_02.wav,một,2.56,2.23,0.33
mot_03.wav,một,2.56,2.25,0.31
mot_04.wav,một,3.072,2.602,0.47
mot_05.wav,một,2.56,2.42,0.14
minh_01.wav,minh,2.7306875,2.3406875,0.39
minh_02.wav,minh,2.645375,2.495375,0.15
minh_03.wav,minh,2.645375,2.295375,0.35
minh_04.wav,minh,2.048,1.908,0.14
minh_05.wav,minh,2.9866875,2.7366875,0.25
do_01.wav,đỏ,2.56,2.42,0.14
do_02.wav,đỏ,2.645375,2.575375,0.07
do_03.wav,đỏ,1.877375,1.697375,0.18
do_04.wav,đỏ,2.304,1.764,0.54
do_05.wav,đỏ,2.389375,1.969375,0.42
trang_01.wav,trắng,2.4746875,2.2746875,0.2
trang_02.wav,trắng,1.877375,1.577375,0.3
trang_03.wav,trắng,2.304,1.884,0.42
trang_04.wav,trắng,1.536,1.206,0.33
trang_05.wav,trắng,2.4746875,2.2246875,0.25
