File,True Label,Predicted Label,Top1 Label,Top1 DTW,Top2 Label,Top2 DTW,Top3 Label,Top3 DTW
khong_04.wav,không,không,không,23.035705107734316,trắng,28.152411735221133,một,29.08694203245345
khong_05.wav,không,không,không,24.163135148547024,một,28.382714468857337,đỏ,30.158852455227873
mot_04.wav,một,một,một,23.128260297409554,không,24.5858540903489,đỏ,28.51454969909456
mot_05.wav,một,không,không,25.130506421091564,một,25.367425900720033,đỏ,27.6939122907577
minh_04.wav,minh,minh,minh,25.599792200769215,không,27.921685832479724,đỏ,32.08372182951642
minh_05.wav,minh,minh,minh,22.67833127774992,không,29.483142953652603,một,29.737081453204155
do_04.wav,đỏ,không,không,24.559950494418178,đỏ,26.56525333681255,một,27.102050678818316
do_05.wav,đỏ,không,không,25.66963467573255,đỏ,27.18322554735037,một,28.920940464940564
trang_04.wav,trắng,trắng,trắng,23.856806789125717,không,29.35562497291012,minh,29.554176480083143
trang_05.wav,trắng,trắng,trắng,27.372900796443858,không,28.780501139966074,minh,33.27367702301811
